{"cameraMode":{"drawMode":0,"name":"Shaded","section":"Shading Mode"},"sceneLighting":false,"audioPlay":false,"sceneViewState":{"showFog":true,"showMaterialUpdate":true,"showSkybox":true,"showFlares":true,"showImageEffects":true,"showParticleSystems":true},"in2DMode":false,"pivot":{"x":2.993375062942505,"y":-0.4608343541622162,"z":-3.409844398498535},"rotation":{"x":0.020074034109711648,"y":0.3352943956851959,"z":-0.007145351264625788,"w":0.9418800473213196},"size":1.2597754001617432,"orthographic":false}